userId,sim
74,1.0
168,0.18401451601270447
221,0.17107225361032263
290,0.1670360387920814
156,0.15253451072692376
362,0.1494427617157132
348,0.14864349099964183
285,0.13469613686594434
59,0.12610946406916204
346,0.1224218317349748
253,0.11178116323601867
